year,country,state,state_name,city,download_min,upload_min,download_avg,upload_avg,download_max,upload_max,download_minRTT_r1,download_minRTT_r2,upload_minRTT_r1,upload_minRTT_r2,num_of_measurements_daily_sampled
2023,IN,IN-BR,Bihar,Ababakarpur,5.4081666666666663,3.1171666666666655,5.9503333333333339,3.2134999999999994,6.5000000000000009,3.3548333333333331,92.530333333333346,92.530333333333346,94.692333333333337,94.967833333333346,48
2023,IN,IN-BR,Bihar,Abhuar,10.36945,3.1613500000000014,15.944700000000006,4.9937999999999967,22.885899999999992,7.2326999999999977,99.319949999999963,98.357599999999977,94.37865000000005,93.631150000000034,160
2023,IN,IN-BR,Bihar,Agiaon,25.916416666666663,19.22225,43.532916666666665,33.920083333333345,65.860750000000024,52.181083333333326,70.553416666666664,70.9040833333333,72.796500000000009,72.465666666666678,96
2023,IN,IN-BR,Bihar,Ahiyapur,4.8069999999999995,2.6019999999999994,4.8069999999999995,2.6019999999999994,4.8069999999999995,2.6019999999999994,81.1715,81.1715,77.738,77.738,16
2023,IN,IN-BR,Bihar,Akorha,3.134944444444443,1.5241666666666667,9.8748333333333314,3.5178333333333329,17.421111111111109,5.9711666666666661,107.48338888888895,105.62344444444442,86.888777777777818,87.912111111111088,144
2023,IN,IN-BR,Bihar,Alampur,8.7506666666666639,5.9776666666666722,39.169103448275855,29.6678850574713,92.1779885057471,69.039563218390754,59.643632183908068,59.727471264367864,65.035505747126436,64.9935977011494,696
2023,IN,IN-BR,Bihar,Alīpur Hatta,7.91200000000001,3.96086567164179,30.318895522388047,23.542507462686579,69.2940447761194,60.110626865671605,65.359686567164175,64.631761194029821,68.181,67.945328358208911,536
2023,IN,IN-BR,Bihar,Amarpur,19.827179999999995,11.929260000000001,37.542779999999986,27.458420000000029,62.463579999999979,48.70982,72.743180000000009,72.264800000000022,75.759081632653022,75.467387755102038,400
2023,IN,IN-BR,Bihar,Amarut,7.4306647058823705,5.7371647058823543,36.915623529411818,28.50715882352943,96.50434117647076,76.584435294117512,47.78751764705887,48.066064705882368,54.237124260355017,54.388177514792915,1360
2023,IN,IN-BR,Bihar,Amilauna,2.7,2.742,4.82325,2.742,6.9467500000000006,2.742,217.96425,217.96425,197.61400000000003,197.61400000000003,32
2023,IN,IN-BR,Bihar,Amritpur,32.567,2.662,32.567,2.662,32.567,2.662,111.58,111.58,98.002,98.002,8
2023,IN,IN-BR,Bihar,Anandpur,2.0537777777777779,0.49561111111111111,10.606833333333336,4.62416666666667,26.584388888888892,13.412777777777784,98.280500000000032,98.275055555555568,94.449666666666658,95.609000000000009,144
2023,IN,IN-BR,Bihar,Ansar,0.50074999999999992,0.80412499999999976,21.524624999999997,17.348749999999995,69.383500000000041,50.526500000000006,71.154125000000008,73.113250000000008,73.764625000000038,76.314999999999969,64
2023,IN,IN-BR,Bihar,Araria,0.49578892733563962,0.055048442906574457,38.90489619377162,28.863391003460151,165.19174394463673,137.85898961937696,37.665093425605548,37.493062283737068,41.212273356401347,41.33755709342563,2312
2023,IN,IN-BR,Bihar,Areraj,6.0024999999999995,2.33525,6.1772500000000008,3.4992500000000004,6.4205000000000014,5.5415,83.84725,89.101749999999981,76.65025,79.527,32
2023,IN,IN-BR,Bihar,Arna,1.1623124999999999,0.09246875000000003,9.187062500000005,3.5587500000000016,31.2164375,7.9065625000000024,181.20968749999994,179.81799999999996,175.70140625000016,176.67596874999995,256
2023,IN,IN-BR,Bihar,Arrah,1.3618848684210514,0.49174342105263247,33.692115131578959,26.087953947368415,127.40754276315775,102.58208552631571,60.565065789473671,60.335671052631618,64.3533256578949,64.689921052631547,2432
2023,IN,IN-BR,Bihar,Arwa,3.762,0.7363333333333334,4.1593333333333344,1.3143333333333331,4.5566666666666666,1.8923333333333332,183.50333333333336,166.426,187.80833333333328,188.23633333333331,24
2023,IN,IN-BR,Bihar,Arwal,12.251522727272731,2.2919772727272747,20.789999999999974,4.2342159090909144,50.09948863636361,12.733193181818194,84.234261363636293,83.67898863636357,85.92361363636364,85.349647727272682,704
2023,IN,IN-BR,Bihar,Arāria,0.68325999999999953,0.042720000000000008,36.82248,28.384580000000003,156.49548000000004,166.10567999999986,29.015060000000005,28.854839999999996,31.951140000000013,31.64494,400
2023,IN,IN-BR,Bihar,Asoi,0.68598113207547184,0.73056603773584894,23.18839622641509,17.796698113207551,121.2620566037736,90.2197547169811,72.372981132075509,72.14413207547166,76.466773584905724,76.237320754717,424
2023,IN,IN-BR,Bihar,Aurangabad,3.5603427561837417,2.4187031802120122,28.335621908127237,15.958710247349805,102.62010600706705,56.306236749116536,81.308091872791564,81.407957597173208,83.578354609929178,83.573457446808291,2264
2023,IN,IN-BR,Bihar,Aurangābād,2.8537916666666665,0.039250000000000014,37.497541666666642,11.483354166666668,183.78970833333341,92.110187500000023,114.4410624999999,114.52754166666672,111.70000000000006,112.27768750000003,384
2023,IN,IN-BR,Bihar,Bagaha,7.9522432432432435,8.8273573573573714,33.56374474474471,26.771273273273259,81.604288288288316,65.056114114114166,54.516417417417337,52.991714714714782,57.620336336336308,57.729975975976025,2664
2023,IN,IN-BR,Bihar,Baghant,4.1509285714285715,3.49907142857143,43.927571428571447,29.184535714285719,121.41642857142858,82.221214285714311,69.45799999999997,70.254928571428565,73.745785714285745,73.7574642857143,224
2023,IN,IN-BR,Bihar,Bahadurganj,2.1549000000000005,0.97679999999999978,38.316900000000004,33.096199999999989,119.94189999999998,118.7487,49.528700000000008,50.196999999999996,52.564899999999994,52.720499999999994,80
2023,IN,IN-BR,Bihar,Bahsa Pipra,6.0120434782608667,2.6909130434782589,40.210869565217408,32.219913043478257,110.76808695652174,93.095456521739166,59.595173913043453,59.553695652173907,69.557500000000019,70.119021739130389,368
2023,IN,IN-BR,Bihar,Bakhri Dua,5.8881999999999994,0.80080000000000018,5.891799999999999,0.99080000000000024,5.8951999999999991,1.1808,99.8696,99.762800000000013,98.615600000000015,96.749200000000016,40
2023,IN,IN-BR,Bihar,Bambhai,0.1665517241379311,0.023793103448275857,18.099862068965511,5.341172413793104,200.36244827586208,41.758068965517239,126.68058620689652,126.68803448275858,122.42979310344825,122.3131379310345,232
2023,IN,IN-BR,Bihar,Baniapur,0.61898113207547134,0.060283018867924511,32.422905660377381,25.46318867924527,133.6574150943396,122.64401886792452,53.511301886792431,53.701264150943437,56.029301886792481,55.982433962264146,424
2023,IN,IN-BR,Bihar,Banka,0.095795847750864971,0.02107612456747408,31.474373702422128,19.5355743944637,217.2778096885813,171.6643875432525,71.393290657439252,71.481920415224849,76.022460207612582,76.110961937716382,2312
2023,IN,IN-BR,Bihar,Bar Bigha,0.18649999999999997,0.041000000000000009,8.3077500000000022,1.9550000000000003,38.299500000000009,7.6895000000000007,130.9275,132.00650000000002,101.93700000000001,102.47899999999998,32
2023,IN,IN-BR,Bihar,Barari,12.319514285714268,8.6067523809523774,46.899676190476221,33.34820000000002,91.732819047619074,74.056685714285734,43.750133333333331,45.999114285714249,46.9302,46.280257142857195,840
2023,IN,IN-BR,Bihar,Barbigha,9.42569230769231,3.2473461538461561,14.596615384615383,4.8833076923076932,23.371846153846139,6.9354230769230734,67.934807692307672,68.60488461538462,71.824791666666641,71.464791666666727,208
2023,IN,IN-BR,Bihar,Barh,0.531016949152543,0.051457627118644052,33.139694915254239,25.139627118644061,121.34305084745766,101.97311864406768,39.200338983050877,39.104915254237305,43.978305084745749,43.779542372881345,472
2023,IN,IN-BR,Bihar,Bariārpur,0.33252631578947361,0.062526315789473652,10.227315789473684,2.6477368421052634,47.2876842105263,10.987684210526321,95.165368421052619,94.299052631578945,97.36326315789475,97.717210526315782,152
2023,IN,IN-BR,Bihar,Barsauni,8.0137857142857172,10.7237142857143,17.571333333333332,15.423357142857139,30.64585714285715,22.442761904761895,59.401619047619036,59.172166666666648,62.878571428571433,62.916499999999964,336
2023,IN,IN-BR,Bihar,Bathna,0.93197872340425536,0.052297872340425558,40.747148936170206,24.863553191489352,147.19659574468108,107.71487234042554,70.055106382978764,69.199425531914926,71.325574468085108,71.93627659574463,376
2023,IN,IN-BR,Bihar,Begusarai,1.6641397515527956,0.36950621118012561,24.683677018633531,16.065046583850915,103.49184782608688,74.7726925465838,74.886472049689473,74.928568322981278,80.572347826086911,80.224416149068347,2576
2023,IN,IN-BR,Bihar,Ben,7.6140000000000017,2.2414705882352934,23.128000000000018,5.3014117647058816,61.325764705882364,10.919352941176474,87.27805882352942,85.855352941176477,87.19111764705886,87.282235294117612,136
2023,IN,IN-BR,Bihar,Benipati,0.077285714285714277,0.013000000000000003,49.257714285714293,12.102142857142859,280.85371428571432,77.7137142857143,133.34757142857146,133.37185714285715,129.9757142857143,129.11657142857143,56
2023,IN,IN-BR,Bihar,Bettiah,0.80576035502958621,0.37482544378698218,28.948245562130104,23.470733727810654,126.30157988165648,108.21184911242628,62.608568047337258,62.514360946745626,66.081748520709922,65.882334319526592,2704
2023,IN,IN-BR,Bihar,Bhagwanpur,2.9096666666666668,0.21994444444444436,13.897833333333333,4.3163333333333336,49.042888888888896,13.343333333333332,90.1352222222222,92.141555555555527,93.892888888888862,93.050999999999988,144
2023,IN,IN-BR,Bihar,Bhojpur Kadim,5.8582537313432885,3.9647761194029822,34.248283582089549,26.812044776119421,87.944253731343338,63.948611940298576,59.317999999999984,59.225164179104468,61.6613432835821,61.573477611940312,536
2023,IN,IN-BR,Bihar,Bihar,11.532484374999996,8.4781062499999891,31.73375312500005,23.546837500000002,77.976575000000025,52.70666875000007,60.782587499999934,61.428937499999989,63.910853124999974,64.97762500000006,2560
2023,IN,IN-BR,Bihar,Bihar Sharif,0.871147928994082,0.2484467455621307,26.802221893491176,19.58051479289945,126.91962130177515,98.653775147929139,59.329754437869752,59.48643195266262,65.0065946745563,64.9369082840236,2704
2023,IN,IN-BR,Bihar,Bihat,5.099134999999996,3.8457199999999991,20.766355000000011,18.070974999999997,48.05045999999998,41.36508000000002,40.904404999999983,40.557,44.237144999999948,44.644344999999987,1600
2023,IN,IN-BR,Bihar,Bihtā,12.491900000000001,3.8556,73.349,18.0659,148.14950000000002,44.5131,92.015000000000029,92.0827,92.681500000000014,92.681500000000014,80
2023,IN,IN-BR,Bihar,Bikramganj,13.243109947643967,9.6091465968586256,24.885916230366476,15.984947643979076,51.562240837696322,28.067612565445021,103.96451308900537,104.73489528795787,108.98927894736845,108.73515263157883,1528
2023,IN,IN-BR,Bihar,Bind,7.9560887096774291,3.9378548387096846,26.794443548387086,16.956774193548394,60.729580645161327,41.488056451612906,62.549951612903293,64.135814516128988,66.378483870967685,67.013274193548341,992
2023,IN,IN-BR,Bihar,Bishunpura,7.9993500000000051,3.5467499999999994,18.82135,4.9052000000000007,36.301399999999994,7.7338000000000005,95.453850000000031,94.97365,94.556699999999992,95.16530000000003,160
2023,IN,IN-BR,Bihar,Bodh Gaya,2.7208487394957981,0.65078151260504136,30.838378151260514,18.250478991596651,103.8525210084034,62.885285714285686,106.67136974789918,107.29426050420176,104.81556302521003,106.98732773109245,952
2023,IN,IN-BR,Bihar,Buxar,8.03726517571885,5.9859009584664626,31.301345047923363,21.212507987220476,88.65631309904154,59.486808306709285,63.409747603833921,63.108654952076634,66.656690095846685,66.687683706070331,2504
2023,IN,IN-BR,Bihar,Bānka,0.05312,0.0091800000000000041,28.888499999999997,14.94188,219.47785999999991,183.47624000000013,68.470220000000012,68.501079999999959,71.202760000000026,71.18606,400
2023,IN,IN-BR,Bihar,Chainpur,0.57240540540540541,0.3464864864864865,9.92891891891893,3.2164594594594584,70.551891891891913,22.808540540540552,76.298216216216218,76.325945945946,79.1074594594595,79.072486486486483,296
2023,IN,IN-BR,Bihar,Chak Baran,0.91201807228915643,0.21627108433734943,34.560334337349367,21.041653614457847,223.49867168674677,121.9237138554217,58.261909638554236,58.24533734939758,62.146427710843547,62.17049397590354,2656
2023,IN,IN-BR,Bihar,Chakia,0.70317741935483924,0.095016129032258076,14.274177419354844,4.4919354838709671,63.358935483870937,17.347048387096777,143.8200967741935,143.83114516129044,144.6543225806451,144.01433870967756,496
2023,IN,IN-BR,Bihar,Chandi,17.9865,12.730999999999998,19.525999999999996,12.730999999999998,21.065499999999997,12.730999999999998,150.261,150.261,85.804,85.804,16
2023,IN,IN-BR,Bihar,Chapra,2.498774305555556,1.330569444444444,39.141934027777779,21.117065972222214,189.67449305555573,104.63660416666673,62.562923611111131,62.583347222222244,67.72581597222225,67.685229166666531,2304
2023,IN,IN-BR,Bihar,Chero,2.5104631578947387,0.92223157894736851,24.877105263157894,22.058126315789504,64.112915789473675,60.046526315789443,41.590557894736811,41.300852631578977,44.155589473684216,44.357157894736879,760
2023,IN,IN-BR,Bihar,Chākāi,4.6523749999999993,1.3026249999999997,7.0508750000000004,2.1942500000000003,9.3732500000000023,3.085625,103.77749999999996,103.77749999999996,126.596625,147.293125,64
2023,IN,IN-BR,Bihar,Chāpra,1.3766399999999996,0.27026,33.053760000000004,23.91288,144.24228000000005,112.40407999999994,53.99598,54.518100000000025,57.102000000000011,57.49016,400
2023,IN,IN-BR,Bihar,Dalmianagar,19.615354166666641,10.280645833333329,33.53250000000007,17.821208333333356,49.823260416666692,27.004260416666668,71.260604166666624,71.486489583333267,86.321624999999983,89.635843750000049,768
2023,IN,IN-BR,Bihar,Dalsingh Sarai,0.2665243902439024,0.14153658536585367,7.3750731707317074,3.6259878048780472,35.417878048780459,8.389134146341469,216.79993902439031,216.7319268292685,215.41371951219517,215.046707317073,656
2023,IN,IN-BR,Bihar,Danapur,13.691540540540537,8.5368648648648549,35.876000000000047,26.896783783783803,66.423986486486513,55.467500000000022,69.6305675675676,69.5477972972974,71.303297297297348,72.654810810810872,592
2023,IN,IN-BR,Bihar,Darbhanga,0.12532840236686404,0.071855029585798869,62.960644970414123,16.862573964497003,309.27981952662674,143.97705621301776,74.300159763313658,74.407943786982216,76.542786982248643,76.5899674556211,2704
2023,IN,IN-BR,Bihar,Daudnagar,16.72506666666666,3.1570666666666694,16.777333333333335,3.1570666666666694,16.829600000000006,3.1570666666666694,100.6858666666666,99.190133333333335,88.3852,87.646399999999971,120
2023,IN,IN-BR,Bihar,Dehri,4.8501603773584865,1.9003301886792463,31.041132075471687,21.726877358490551,87.8943584905661,69.7116792452831,62.8362075471698,62.199037735849032,63.758485714285669,64.530142857142778,848
2023,IN,IN-BR,Bihar,Deo,0.34899999999999992,0.095538461538461461,24.224115384615388,22.399538461538469,101.16573076923071,99.043730769230748,70.780307692307659,70.368769230769274,71.950269230769251,72.854384615384618,208
2023,IN,IN-BR,Bihar,Dhamaul,10.036,15.976,10.036,15.976,10.036,15.976,122.053,122.053,122.929,122.929,8
2023,IN,IN-BR,Bihar,Dhamdaha,9.4484761904761942,0.79623809523809519,12.648571428571435,2.9345238095238115,16.04990476190477,5.3485714285714288,117.80066666666667,116.93476190476188,102.66661904761902,104.14223809523807,168
2023,IN,IN-BR,Bihar,Dighwara,0.53717431192660525,0.24762844036697262,32.5433853211009,24.970256880733942,135.36471100917424,113.9360275229357,47.72514678899087,47.57595412844038,51.59210091743121,51.566724770642224,1744
2023,IN,IN-BR,Bihar,Dighwāra,1.0193599999999998,0.37984000000000079,33.31839999999999,25.74110000000001,146.66182000000012,132.2517599999999,50.314900000000016,51.032940000000018,53.224340000000005,53.394819999999946,400
2023,IN,IN-BR,Bihar,Dinapore,0.19102272727272751,0.041204545454545452,8.7613181818181847,3.5208863636363623,38.755443181818173,8.73706818181819,139.81768181818191,140.30720454545445,136.66955681818192,136.14084090909063,704
2023,IN,IN-BR,Bihar,Dumra,0.23199999999999993,0.037833333333333344,21.34495833333332,5.1168333333333313,102.18945833333332,26.430124999999986,121.22916666666663,120.87495833333332,121.30095833333334,121.08645833333328,192
2023,IN,IN-BR,Bihar,Forbesganj,10.490611111111116,2.99372222222222,34.2238611111111,19.693361111111116,73.7165833333334,53.503444444444426,71.87033333333342,71.941805555555618,74.560972222222276,75.2871666666667,288
2023,IN,IN-BR,Bihar,Gaya,0.13545857988165691,0.024378698224852093,29.636032544378729,21.408899408284007,184.49944378698231,140.34376035502956,62.391254437869804,62.337272189349022,66.370831360946724,66.479304733727844,2704
2023,IN,IN-BR,Bihar,Ginji,4.7251725888324971,2.7499949238578649,39.336421319796955,29.184934010152283,141.62382233502532,109.15764974619273,55.285111675126913,54.971162436548177,59.801796954314732,60.276385786802066,1576
2023,IN,IN-BR,Bihar,Gopalganj,0.31850519031141877,0.062598615916955,29.48103460207615,12.906044982698957,206.29114532871989,98.549096885813057,79.1021280276816,79.05516262975776,81.986107266436065,81.884411764705675,2312
2023,IN,IN-BR,Bihar,Gopālganj,0.27664000000000005,0.03404,29.760759999999994,19.146019999999996,162.70808000000008,118.90094000000002,66.152200000000036,66.221939999999961,67.585239999999956,67.76603999999999,400
2023,IN,IN-BR,Bihar,Gurgaon,0.91443396226415152,0.062622641509433974,11.668716981132071,13.035452830188678,74.82354716981132,120.9403018867924,48.6715283018868,48.36962264150943,52.0495283018868,51.0558679245283,424
2023,IN,IN-BR,Bihar,Habibpur,14.91021666666666,10.895666666666662,29.963683333333321,22.014850000000013,48.36305,35.424133333333351,65.856566666666609,68.27471666666672,70.810271186440758,70.47935593220339,480
2023,IN,IN-BR,Bihar,Hajipur,5.9280401459854124,3.8831861313868568,35.077970802919616,23.924368613138714,112.95450364963516,80.867332116788347,67.954967153284755,68.477372262773756,71.982744525547361,71.990715328467019,2192
2023,IN,IN-BR,Bihar,Harnaut,1.9654084507042264,0.30674647887323936,17.828014084507053,4.5400704225352113,128.89774647887316,38.026070422535177,126.28961971830986,125.8360281690142,123.91377464788725,124.08418309859147,568
2023,IN,IN-BR,Bihar,Hazrat Jandaha,0.92535714285714288,0.067392857142857088,35.408410714285736,25.13076785714286,117.9738214285714,96.037517857142859,38.654214285714275,38.556839285714261,43.48483928571428,43.435500000000005,448
2023,IN,IN-BR,Bihar,Hilsa,1.5719705882352943,0.16091176470588256,11.329470588235287,6.2083235294117669,56.830235294117649,28.421794117647067,62.422647058823472,63.52705882352943,68.738588235294145,65.981911764705927,272
2023,IN,IN-BR,Bihar,Hājīpur,1.870579999999999,0.36879999999999985,40.997040000000005,30.593360000000025,138.47218000000009,118.68957999999995,68.910499999999942,68.564319999999981,69.843959999999981,69.741600000000034,400
2023,IN,IN-BR,Bihar,Islampur,2.4942447257383935,0.86911814345991534,26.361198312236283,19.105430379746807,171.68005485232061,106.68885654008447,35.4212447257384,35.416286919831251,39.488662447257326,39.437097046413449,1896
2023,IN,IN-BR,Bihar,Islāmpur,0.77623999999999993,0.072879999999999986,37.21542000000003,30.644100000000016,267.3211799999998,207.99546,25.92894,25.81374,27.136040000000005,27.07675999999999,400
2023,IN,IN-BR,Bihar,Jahanabad,17.830688524590176,6.3835737704918039,35.977098360655773,20.786622950819655,59.70990163934421,40.003131147540962,73.212393442622968,73.7490163934426,75.106590163934442,75.22527868852444,488
2023,IN,IN-BR,Bihar,Jahānābād,28.562357142857145,23.616071428571434,39.7455,32.085142857142856,53.454214285714265,42.897500000000008,71.077214285714319,72.298785714285742,81.924500000000009,80.653500000000037,112
2023,IN,IN-BR,Bihar,Jainagar,21.629887850467291,2.9667850467289707,69.332953271028032,13.766953271028029,155.92626168224302,37.706728971962605,26.055495327102804,26.094168224299082,31.041113207547166,30.941726415094358,856
2023,IN,IN-BR,Bihar,Jamalpur,20.901049180327867,13.144803278688537,38.709918032786859,25.634786885245894,61.425327868852428,42.545131147541,65.170606557377,64.878524590163991,69.952266666666674,69.150333333333307,488
2023,IN,IN-BR,Bihar,Jamui,2.9921249999999988,0.85125000000000028,24.8335,18.23925,81.4675,55.767125,51.358000000000004,50.398625,60.086428571428556,61.310857142857131,64
2023,IN,IN-BR,Bihar,Jhajha,0.13106666666666678,0.017266666666666673,9.960799999999999,2.9512333333333318,68.278166666666678,21.3825,47.644966666666676,47.578900000000019,51.117366666666669,51.144099999999995,240
2023,IN,IN-BR,Bihar,Jhanjharpur,0.122,3.316,1.798,3.316,3.474,3.316,3.65,3.65,,,8
2023,IN,IN-BR,Bihar,Katihar,1.7426035502958555,1.0986272189349116,46.937390532544427,39.6377721893491,180.21929881656811,169.31011538461573,62.798911242603573,62.907642011834241,65.114322485207154,65.1087366863905,2704
2023,IN,IN-BR,Bihar,Khagaria,0.95708839779005606,0.13932044198895033,28.64518784530382,18.983933701657477,105.53374033149166,85.619165745856336,66.434469613259679,66.17856353591155,70.069558011049779,70.011624309392246,1448
2023,IN,IN-BR,Bihar,Khagaul,46.463,0.075,46.463,0.075,46.463,0.075,58.656,58.656,58.191,58.191,8
2023,IN,IN-BR,Bihar,Kishanganj,1.4972321428571453,0.4512886904761913,32.351886904761827,24.80289583333338,113.56572916666671,94.735574404761735,74.423160714285771,74.07820535714302,77.988425595238169,77.99013690476194,2688
2023,IN,IN-BR,Bihar,Kochas,11.735055555555558,5.4475714285714281,35.187468253968312,24.518515873015851,72.969936507936509,54.224873015873044,58.144849206349221,58.127984126984074,64.58139199999998,65.296280000000024,1008
2023,IN,IN-BR,Bihar,Kopa,14.326549019607834,3.027098039215685,43.297666666666665,7.1048431372549086,84.98539215686273,15.182117647058831,91.398725490196028,91.442725490196068,92.915490196078409,92.9219019607843,408
2023,IN,IN-BR,Bihar,Korma,9.3188888888888872,4.3391111111111105,9.6922222222222185,4.3991111111111119,10.065555555555553,4.459333333333336,82.453222222222237,82.209666666666692,92.451555555555558,93.252666666666684,72
2023,IN,IN-BR,Bihar,Kota,2.450431818181817,0.16002272727272715,29.753250000000008,6.20215909090909,82.560545454545476,41.00363636363641,42.419431818181813,42.868318181818161,48.511045454545453,48.277840909090941,352
2023,IN,IN-BR,Bihar,Lakhawar,7.0688636363636359,3.4224999999999981,12.601363636363633,6.076454545454542,23.141909090909103,10.766999999999992,88.4748636363636,87.58154545454542,95.702761904761985,94.028761904761907,176
2023,IN,IN-BR,Bihar,Luckeesarai,1.3382645161290294,0.82375161290322474,31.714525806451583,24.526390322580646,139.13097741935479,118.98260967741938,64.358164516129037,64.396264516129008,69.52872580645159,69.24327419354843,2480
2023,IN,IN-BR,Bihar,Madhepura,1.5474758620689655,1.1597413793103462,58.891206896551758,14.424951724137928,201.45485517241474,57.112362068965496,83.669220689655177,83.484120689655072,85.142313793103369,85.102706896551723,2320
2023,IN,IN-BR,Bihar,Madhubani,1.4897386018237087,0.85050151975684118,28.994723404255364,17.3780547112462,172.14772340425537,107.43368693009101,92.451009118541165,92.55144376899699,95.39411550151965,95.42249240121582,2632
2023,IN,IN-BR,Bihar,Mahnar Bazar,5.564,9.2220000000000013,5.564,9.2220000000000013,5.564,9.2220000000000013,80.645999999999987,80.645999999999987,99.532499999999985,99.532499999999985,16
2023,IN,IN-BR,Bihar,Mahua,19.861228571428583,1.6522571428571431,43.908257142857131,6.8917714285714284,95.488514285714274,19.774857142857144,101.90745714285714,102.92854285714287,97.980371428571459,98.473628571428549,280
2023,IN,IN-BR,Bihar,Makhdumpur,0.25824528301886807,0.0447169811320755,42.027679245283018,31.384113207547166,174.42694339622645,164.98899999999995,54.411566037735838,54.184566037735813,56.388981132075486,56.493018867924512,424
2023,IN,IN-BR,Bihar,Manain,17.172378378378365,11.786135135135131,22.03064864864864,12.623837837837835,29.009324324324336,14.187918918918912,72.39778378378378,62.321135135135108,61.96197297297293,65.3177837837838,296
2023,IN,IN-BR,Bihar,Mari,3.1655531914893618,2.1854042553191477,35.401638297872331,30.325148936170198,147.62402127659576,130.22391489361715,48.358382978723419,48.411255319148928,52.64331914893615,52.750255319148891,376
2023,IN,IN-BR,Bihar,Masrakh,16.894000000000002,2.2857999999999996,86.71486666666668,17.686400000000003,169.83333333333331,40.047000000000004,91.5126666666667,90.713400000000036,93.451066666666719,93.254733333333292,120
2023,IN,IN-BR,Bihar,Mehsi,24.917285714285715,1.9430714285714283,32.321571428571417,2.6169285714285713,39.725857142857159,3.290714285714285,88.609214285714287,87.8630714285714,95.9837857142857,95.953928571428563,112
2023,IN,IN-BR,Bihar,Mohania,0.70491406249999922,0.23170703125000019,29.998480468749975,22.273339843750012,108.63835546874995,89.608003906250062,59.42615234374999,59.630796875000016,63.540781250000016,63.564207031250014,2048
2023,IN,IN-BR,Bihar,Mothihari,0.13158620689655173,0.020137931034482758,11.756275862068968,3.5236551724137914,76.19282758620696,25.720068965517246,107.46568965517241,107.374,108.90344827586208,108.49934482758626,232
2023,IN,IN-BR,Bihar,Motihari,4.7195081967213,3.0153606557377031,31.564924590163915,21.356914754098359,110.49141311475428,79.122377049180358,72.220957377049359,72.350891803278884,74.469075409836179,73.967390163934311,2440
2023,IN,IN-BR,Bihar,Munger,1.3738605341246264,0.972646884272993,37.373635014836843,26.429118694362007,149.02054896142442,111.00292284866477,69.231415430267191,69.30590504451051,74.703213649851733,74.899676557863444,2696
2023,IN,IN-BR,Bihar,Muzaffarpur,0.0901479289940828,0.016804733727810616,39.008680473372713,19.761295857988173,268.24183727810629,191.842819526627,67.763544378698171,67.7192810650889,71.600582840236527,71.62983431952668,2704
2023,IN,IN-BR,Bihar,Nagra,1.8872500000000025,0.11073660714285737,50.390763392857146,32.513745535714271,165.80066964285692,132.48590624999969,53.611227678571417,54.104598214285687,55.78137946428572,56.104629464285715,1792
2023,IN,IN-BR,Bihar,Narkatiaganj,9.6849580838323135,6.8784311377245491,33.112149700598749,26.148467065868282,82.2825568862275,68.780970059880346,48.916305389221471,48.140952095808416,53.54755089820361,53.829508982035819,1336
2023,IN,IN-BR,Bihar,Narkatiāganj,13.447904761904763,10.104880952380954,39.80964285714284,34.08695238095239,76.385476190476155,70.492571428571338,30.185999999999975,29.930380952380951,30.628880952380928,30.939904761904778,336
2023,IN,IN-BR,Bihar,Nasriganj,4.4511739130434762,1.812478260869564,14.473608695652171,4.7046086956521744,28.310739130434779,8.7085217391304326,91.61539130434781,93.102043478260924,88.398434782608689,89.868826086956588,184
2023,IN,IN-BR,Bihar,Naugachhia,9.7060555555555528,4.4977777777777774,40.492166666666691,32.352444444444437,93.816333333333333,77.418166666666664,43.865833333333335,44.61622222222222,74.930444444444419,73.858111111111114,144
2023,IN,IN-BR,Bihar,Nawada,4.2929045936395793,2.2708833922261471,29.679127208480551,17.938332155477056,100.32587985865707,55.332017667844561,72.0160954063605,71.942946996466532,75.457498233215517,75.581123674911709,2264
2023,IN,IN-BR,Bihar,Nawāda,6.3633399999999982,1.6707800000000015,33.27224,21.762,90.162339999999958,59.635579999999969,69.510500000000008,69.92766,73.286779999999965,71.797459999999973,400
2023,IN,IN-BR,Bihar,Noanwan,0.59823214285714255,0.046982142857142861,38.616857142857171,30.365696428571415,157.31930357142875,129.36192857142862,44.989964285714315,45.567446428571387,48.714892857142871,48.887446428571444,448
2023,IN,IN-BR,Bihar,Nohsa,6.6692325581395373,6.2511046511628,35.052558139534845,25.181930232558152,88.0556279069768,61.470337209302393,70.2598139534884,69.985151162790714,73.589790697674459,71.586802325581417,688
2023,IN,IN-BR,Bihar,Paliganj,16.776958904109584,12.840712328767125,37.786945205479469,23.432054794520532,71.650821917808187,40.553424657534258,58.394493150684966,59.0090410958904,66.006068493150622,65.717904109588972,584
2023,IN,IN-BR,Bihar,Pariharpur,9.92859259259259,15.986703703703695,39.5496296296296,27.307370370370386,86.969185185185225,43.518851851851878,64.373814814814878,64.113000000000014,67.113518518518532,67.3148518518518,216
2023,IN,IN-BR,Bihar,Patna,0.042902654867256633,0.0084306784660766916,54.189722713864342,15.876578171091422,545.87374926253653,393.3118702064894,76.142814159292,76.144896755162165,78.513601769911517,78.513775811209428,2712
2023,IN,IN-BR,Bihar,Patna City,25.972500000000004,4.2120000000000006,26.519125000000003,4.3252500000000014,27.065875000000005,4.438625,82.837,91.122624999999985,93.152375,90.004875000000027,64
2023,IN,IN-BR,Bihar,Patsa,0.6855,0.49859090909090914,53.755454545454569,11.720863636363632,295.21663636363633,68.883818181818171,114.5752727272727,114.0902727272727,110.16386363636366,112.13304545454542,176
2023,IN,IN-BR,Bihar,Pupri,4.241754098360655,2.9534754098360643,31.890262295081971,20.721540983606559,100.2080819672131,84.444491803278709,64.585852459016422,64.4999672131147,66.663901639344289,65.750868852459035,488
2023,IN,IN-BR,Bihar,Purnia,3.1764062499999968,2.0127875,33.58632499999991,18.019281249999995,143.94390312499996,77.3316531250001,79.311453124999943,78.396571874999992,79.724046875000042,79.882846874999885,2560
2023,IN,IN-BR,Bihar,Rafiganj,0.23062500000000008,0.047053571428571417,20.580964285714305,13.003124999999995,83.545357142857142,57.348392857142834,70.397017857142814,71.041964285714258,73.95478571428572,73.504767857142937,448
2023,IN,IN-BR,Bihar,Rajgir,7.0016310679611617,6.8374271844660237,56.168669902912654,41.251495145631068,164.00987378640792,121.2399417475728,44.186349514563105,44.376660194174747,45.563893203883538,45.158834951456292,824
2023,IN,IN-BR,Bihar,Ramnagar,5.6375714285714276,0.78471428571428592,7.944285714285714,1.492142857142857,10.478857142857141,2.5011428571428569,99.826,99.826,121.98728571428568,122.67628571428568,56
2023,IN,IN-BR,Bihar,Roh,4.0265357142857168,2.4667857142857135,15.428428571428565,10.801285714285713,32.754571428571431,22.454214285714293,75.3787857142857,82.1975714285715,84.456250000000011,79.957499999999968,224
2023,IN,IN-BR,Bihar,Rusera,0.29492405063291122,0.027556962025316475,27.956075949367079,6.14215189873418,175.58830379746851,51.963607594936711,119.787835443038,119.89540506329116,119.60265822784818,119.37089873417713,632
2023,IN,IN-BR,Bihar,Rājgīr,10.186,11.533,10.6432,11.728399999999999,11.492799999999997,11.9238,104.13159999999999,104.13159999999999,93.764399999999981,93.764399999999981,40
2023,IN,IN-BR,Bihar,Saharsa,2.9503738872403567,0.59050148367952549,30.36494955489615,17.791130563798216,131.76486053412444,71.709097922848713,71.446816023738819,71.3004302670625,73.192661721068319,73.131068249258249,2696
2023,IN,IN-BR,Bihar,Samastipur,0.325321799307958,0.040650519031141842,25.685304498269868,14.32586159169548,187.0640069204153,112.31678200692053,77.833013840830432,77.865193771626267,79.448096885813058,79.391692041522489,2312
2023,IN,IN-BR,Bihar,Samāstipur,0.40034000000000003,0.15056,35.350359999999995,25.148479999999996,150.14706,142.28516000000008,41.857179999999978,41.903620000000032,45.467880000000008,45.498680000000022,400
2023,IN,IN-BR,Bihar,Sasaram,3.1667960526315775,2.5742894736842086,34.008190789473659,24.255592105263172,110.4547697368422,82.905934210526368,64.812940789473629,65.37615789473702,69.290190789473684,69.441927631579,1216
2023,IN,IN-BR,Bihar,Sasarām,3.4665799999999996,1.6123800000000013,41.91362000000003,29.546239999999987,131.32974,109.28126000000005,64.0217,64.200060000000022,67.236259999999959,67.013520000000028,400
2023,IN,IN-BR,Bihar,Shahpur,8.664100000000003,7.4298999999999991,32.833866666666651,22.5361,65.146099999999961,45.570466666666704,69.114633333333316,69.051733333333374,71.929933333333409,71.053633333333309,240
2023,IN,IN-BR,Bihar,Sheikhpura,0.31966666666666671,0.023666666666666662,8.349833333333331,2.9681666666666668,46.193999999999996,21.76016666666666,65.36333333333333,66.035,73.730500000000021,74.02016666666664,48
2023,IN,IN-BR,Bihar,Shekhpura,19.921333333333337,0.91966666666666663,32.416666666666664,1.29,55.823,2.32,73.968666666666678,89.807,77.917,77.917,24
2023,IN,IN-BR,Bihar,Sheohar,1.1859155555555549,0.22663999999999998,35.690991111111032,19.464533333333382,140.44648888888869,77.666191111111033,78.192862222222061,78.352177777777669,80.500342222222173,80.650302222222251,1800
2023,IN,IN-BR,Bihar,Shivganj,11.635066666666665,3.8544666666666658,36.226866666666645,21.640466666666669,74.176666666666691,50.428599999999996,53.353133333333325,50.91133333333331,55.310866666666669,55.543466666666667,120
2023,IN,IN-BR,Bihar,Sitamarhi,0.20893425605536331,0.025799307958477534,42.516633217993025,20.635411764705868,217.44471626297556,131.14745674740473,74.678847750865017,74.9008615916955,76.746723183390941,76.81216608996526,2312
2023,IN,IN-BR,Bihar,Siwan,0.38830103806228428,0.15443252595155676,37.928508650519035,16.7388339100346,225.3450934256052,110.83280276816613,84.28988235294122,84.270937716262978,85.227214532871841,85.210930795847787,2312
2023,IN,IN-BR,Bihar,Siwān,0.37088000000000021,0.035180000000000065,49.611479999999986,15.101279999999997,227.19561999999996,89.034239999999983,103.37539999999994,102.98569999999994,100.99996000000002,101.45419999999989,400
2023,IN,IN-BR,Bihar,Sonepur,12.326268292682927,7.3030731707317074,30.900097560975603,15.477756097560974,86.119682926829213,35.486512195121939,79.900365853658514,79.805658536585284,83.450390243902461,83.9133170731707,328
2023,IN,IN-BR,Bihar,Sonpur,26.501,15.19775,41.77175,27.830500000000004,76.003250000000008,44.894,55.073750000000004,55.073750000000004,71.503250000000008,71.503250000000008,32
2023,IN,IN-BR,Bihar,Sultanganj,0.23783333333333334,0.046833333333333324,32.769166666666671,30.930166666666668,121.83066666666666,110.31666666666666,67.8733333333333,68.216333333333353,71.865166666666667,71.481666666666655,48
2023,IN,IN-BR,Bihar,Supaul,4.0773189655172386,4.193375,42.588168103448339,25.914215517241331,159.02356465517235,91.677724137931179,58.770810344827623,58.746982758620604,62.006732758620771,61.737702586206808,1856
2023,IN,IN-BR,Bihar,Sītāmarhi,0.15216000000000005,0.022800000000000008,27.269459999999988,10.810999999999986,190.90265999999988,105.93235999999993,115.45874,115.17744000000006,115.07360000000003,114.91751999999997,400
2023,IN,IN-BR,Bihar,Taraia,20.118552238805975,24.19723880597018,39.679313432835855,36.2153134328358,67.768835820895461,51.060611940298465,60.185373134328408,60.378313432835874,62.693895522388075,61.37134328358205,536
2023,IN,IN-BR,Bihar,Teghra,4.6243333333333343,1.6119999999999999,4.8853333333333335,1.6119999999999999,5.146,1.6119999999999999,95.285500000000013,95.285500000000013,108.76033333333335,108.76033333333335,48
2023,IN,IN-BR,Bihar,Tekari,16.490854961832067,12.010412213740464,44.998206106870214,30.176328244274806,89.780732824427488,57.817175572519119,58.325671755725189,59.607633587786296,65.2479307692308,65.130746153846133,1048
2023,IN,IN-BR,Bihar,Vaishali,2.421215384615385,0.87122051282051338,34.216723076923074,23.319533333333318,101.909882051282,73.647179487179443,56.98918974358979,56.987697435897445,60.909928205128175,61.016487179487193,1560
